"URL_ID","CDU_ID","CREATION_DATE","CREATED_BY"
2307,1,26-MAY-22 08:52:51,"XHIBIT"
2308,2,26-MAY-22 08:52:51,"XHIBIT"
2309,3,26-MAY-22 08:52:51,"XHIBIT"
923,4,26-MAY-22 08:52:51,"XHIBIT"
924,4,26-MAY-22 08:52:51,"XHIBIT"
925,4,26-MAY-22 08:52:51,"XHIBIT"
926,4,26-MAY-22 08:52:51,"XHIBIT"
927,4,26-MAY-22 08:52:51,"XHIBIT"
928,4,26-MAY-22 08:52:51,"XHIBIT"
929,4,26-MAY-22 08:52:51,"XHIBIT"
930,4,26-MAY-22 08:52:51,"XHIBIT"
931,4,26-MAY-22 08:52:51,"XHIBIT"
932,4,26-MAY-22 08:52:51,"XHIBIT"
933,4,26-MAY-22 08:52:51,"XHIBIT"
934,4,26-MAY-22 08:52:51,"XHIBIT"
935,4,26-MAY-22 08:52:51,"XHIBIT"
936,4,26-MAY-22 08:52:51,"XHIBIT"
937,4,26-MAY-22 08:52:51,"XHIBIT"
938,4,26-MAY-22 08:52:51,"XHIBIT"
939,4,26-MAY-22 08:52:51,"XHIBIT"
940,4,26-MAY-22 08:52:51,"XHIBIT"
941,4,26-MAY-22 08:52:51,"XHIBIT"
942,4,26-MAY-22 08:52:51,"XHIBIT"
943,4,26-MAY-22 08:52:51,"XHIBIT"
2310,4,26-MAY-22 08:52:51,"XHIBIT"
1952,5,26-MAY-22 08:52:51,"XHIBIT"
1953,5,26-MAY-22 08:52:51,"XHIBIT"
1954,5,26-MAY-22 08:52:51,"XHIBIT"
1955,5,26-MAY-22 08:52:51,"XHIBIT"
1956,5,26-MAY-22 08:52:51,"XHIBIT"
1957,5,26-MAY-22 08:52:51,"XHIBIT"
1958,5,26-MAY-22 08:52:51,"XHIBIT"
1959,5,26-MAY-22 08:52:51,"XHIBIT"
1960,5,26-MAY-22 08:52:51,"XHIBIT"
1961,5,26-MAY-22 08:52:51,"XHIBIT"
1962,5,26-MAY-22 08:52:51,"XHIBIT"
1963,5,26-MAY-22 08:52:51,"XHIBIT"
1964,5,26-MAY-22 08:52:51,"XHIBIT"
1965,5,26-MAY-22 08:52:51,"XHIBIT"
1966,5,26-MAY-22 08:52:51,"XHIBIT"
1967,5,26-MAY-22 08:52:51,"XHIBIT"
1968,5,26-MAY-22 08:52:51,"XHIBIT"
1969,5,26-MAY-22 08:52:51,"XHIBIT"
1970,5,26-MAY-22 08:52:51,"XHIBIT"
1971,5,26-MAY-22 08:52:51,"XHIBIT"
1972,5,26-MAY-22 08:52:51,"XHIBIT"
1973,5,26-MAY-22 08:52:51,"XHIBIT"
1974,5,26-MAY-22 08:52:51,"XHIBIT"
1975,5,26-MAY-22 08:52:51,"XHIBIT"
1976,5,26-MAY-22 08:52:51,"XHIBIT"
1977,5,26-MAY-22 08:52:51,"XHIBIT"
2311,5,26-MAY-22 08:52:51,"XHIBIT"
1936,6,26-MAY-22 08:52:51,"XHIBIT"
1937,6,26-MAY-22 08:52:51,"XHIBIT"
1924,6,26-MAY-22 08:52:51,"XHIBIT"
1925,6,26-MAY-22 08:52:51,"XHIBIT"
1926,6,26-MAY-22 08:52:51,"XHIBIT"
1927,6,26-MAY-22 08:52:51,"XHIBIT"
1928,6,26-MAY-22 08:52:51,"XHIBIT"
1929,6,26-MAY-22 08:52:51,"XHIBIT"
1930,6,26-MAY-22 08:52:51,"XHIBIT"
1931,6,26-MAY-22 08:52:51,"XHIBIT"
1932,6,26-MAY-22 08:52:51,"XHIBIT"
1933,6,26-MAY-22 08:52:51,"XHIBIT"
1934,6,26-MAY-22 08:52:51,"XHIBIT"
1935,6,26-MAY-22 08:52:51,"XHIBIT"
2298,6,26-MAY-22 08:52:51,"XHIBIT"
2299,6,26-MAY-22 08:52:51,"XHIBIT"
2300,6,26-MAY-22 08:52:51,"XHIBIT"
2301,6,26-MAY-22 08:52:51,"XHIBIT"
2302,6,26-MAY-22 08:52:51,"XHIBIT"
2303,6,26-MAY-22 08:52:51,"XHIBIT"
2304,6,26-MAY-22 08:52:51,"XHIBIT"
2305,6,26-MAY-22 08:52:51,"XHIBIT"
2306,6,26-MAY-22 08:52:51,"XHIBIT"
2312,6,26-MAY-22 08:52:51,"XHIBIT"
536,7,26-MAY-22 08:52:51,"XHIBIT"
537,7,26-MAY-22 08:52:51,"XHIBIT"
538,7,26-MAY-22 08:52:51,"XHIBIT"
539,7,26-MAY-22 08:52:51,"XHIBIT"
540,7,26-MAY-22 08:52:51,"XHIBIT"
541,7,26-MAY-22 08:52:51,"XHIBIT"
542,7,26-MAY-22 08:52:51,"XHIBIT"
543,7,26-MAY-22 08:52:51,"XHIBIT"
544,7,26-MAY-22 08:52:51,"XHIBIT"
545,7,26-MAY-22 08:52:51,"XHIBIT"
546,7,26-MAY-22 08:52:51,"XHIBIT"
547,7,26-MAY-22 08:52:51,"XHIBIT"
548,7,26-MAY-22 08:52:51,"XHIBIT"
549,7,26-MAY-22 08:52:51,"XHIBIT"
550,7,26-MAY-22 08:52:51,"XHIBIT"
551,7,26-MAY-22 08:52:51,"XHIBIT"
552,7,26-MAY-22 08:52:51,"XHIBIT"
553,7,26-MAY-22 08:52:51,"XHIBIT"
554,7,26-MAY-22 08:52:51,"XHIBIT"
555,7,26-MAY-22 08:52:51,"XHIBIT"
556,7,26-MAY-22 08:52:51,"XHIBIT"
557,7,26-MAY-22 08:52:51,"XHIBIT"
558,7,26-MAY-22 08:52:51,"XHIBIT"
559,7,26-MAY-22 08:52:51,"XHIBIT"
560,7,26-MAY-22 08:52:51,"XHIBIT"
2313,7,26-MAY-22 08:52:51,"XHIBIT"
1332,8,26-MAY-22 08:52:51,"XHIBIT"
1333,8,26-MAY-22 08:52:51,"XHIBIT"
1334,8,26-MAY-22 08:52:51,"XHIBIT"
1335,8,26-MAY-22 08:52:51,"XHIBIT"
1336,8,26-MAY-22 08:52:51,"XHIBIT"
1337,8,26-MAY-22 08:52:51,"XHIBIT"
1338,8,26-MAY-22 08:52:51,"XHIBIT"
1339,8,26-MAY-22 08:52:51,"XHIBIT"
1340,8,26-MAY-22 08:52:51,"XHIBIT"
1341,8,26-MAY-22 08:52:51,"XHIBIT"
1342,8,26-MAY-22 08:52:51,"XHIBIT"
1343,8,26-MAY-22 08:52:51,"XHIBIT"
1344,8,26-MAY-22 08:52:51,"XHIBIT"
1345,8,26-MAY-22 08:52:51,"XHIBIT"
1346,8,26-MAY-22 08:52:51,"XHIBIT"
1347,8,26-MAY-22 08:52:51,"XHIBIT"
1348,8,26-MAY-22 08:52:51,"XHIBIT"
1349,8,26-MAY-22 08:52:51,"XHIBIT"
1350,8,26-MAY-22 08:52:51,"XHIBIT"
1351,8,26-MAY-22 08:52:51,"XHIBIT"
1352,8,26-MAY-22 08:52:51,"XHIBIT"
1353,8,26-MAY-22 08:52:51,"XHIBIT"
1354,8,26-MAY-22 08:52:51,"XHIBIT"
1355,8,26-MAY-22 08:52:51,"XHIBIT"
1356,8,26-MAY-22 08:52:51,"XHIBIT"
1357,8,26-MAY-22 08:52:51,"XHIBIT"
1358,8,26-MAY-22 08:52:51,"XHIBIT"
1359,8,26-MAY-22 08:52:51,"XHIBIT"
1360,8,26-MAY-22 08:52:51,"XHIBIT"
1361,8,26-MAY-22 08:52:51,"XHIBIT"
1362,8,26-MAY-22 08:52:51,"XHIBIT"
2314,8,26-MAY-22 08:52:51,"XHIBIT"
1323,9,26-MAY-22 08:52:51,"XHIBIT"
1324,9,26-MAY-22 08:52:51,"XHIBIT"
1325,9,26-MAY-22 08:52:51,"XHIBIT"
1326,9,26-MAY-22 08:52:51,"XHIBIT"
1327,9,26-MAY-22 08:52:51,"XHIBIT"
1328,9,26-MAY-22 08:52:51,"XHIBIT"
1329,9,26-MAY-22 08:52:51,"XHIBIT"
1330,9,26-MAY-22 08:52:51,"XHIBIT"
1331,9,26-MAY-22 08:52:51,"XHIBIT"
2315,9,26-MAY-22 08:52:51,"XHIBIT"
240,10,26-MAY-22 08:52:51,"XHIBIT"
241,10,26-MAY-22 08:52:51,"XHIBIT"
242,10,26-MAY-22 08:52:51,"XHIBIT"
243,10,26-MAY-22 08:52:51,"XHIBIT"
244,10,26-MAY-22 08:52:51,"XHIBIT"
245,10,26-MAY-22 08:52:51,"XHIBIT"
246,10,26-MAY-22 08:52:51,"XHIBIT"
247,10,26-MAY-22 08:52:51,"XHIBIT"
248,10,26-MAY-22 08:52:51,"XHIBIT"
249,10,26-MAY-22 08:52:51,"XHIBIT"
250,10,26-MAY-22 08:52:51,"XHIBIT"
251,10,26-MAY-22 08:52:51,"XHIBIT"
252,10,26-MAY-22 08:52:51,"XHIBIT"
253,10,26-MAY-22 08:52:51,"XHIBIT"
254,10,26-MAY-22 08:52:51,"XHIBIT"
255,10,26-MAY-22 08:52:51,"XHIBIT"
231,10,26-MAY-22 08:52:51,"XHIBIT"
232,10,26-MAY-22 08:52:51,"XHIBIT"
233,10,26-MAY-22 08:52:51,"XHIBIT"
234,10,26-MAY-22 08:52:51,"XHIBIT"
235,10,26-MAY-22 08:52:51,"XHIBIT"
236,10,26-MAY-22 08:52:51,"XHIBIT"
237,10,26-MAY-22 08:52:51,"XHIBIT"
238,10,26-MAY-22 08:52:51,"XHIBIT"
239,10,26-MAY-22 08:52:51,"XHIBIT"
2316,10,26-MAY-22 08:52:51,"XHIBIT"
1895,11,26-MAY-22 08:52:51,"XHIBIT"
1896,11,26-MAY-22 08:52:51,"XHIBIT"
1897,11,26-MAY-22 08:52:51,"XHIBIT"
1898,11,26-MAY-22 08:52:51,"XHIBIT"
1899,11,26-MAY-22 08:52:51,"XHIBIT"
1900,11,26-MAY-22 08:52:51,"XHIBIT"
1901,11,26-MAY-22 08:52:51,"XHIBIT"
1902,11,26-MAY-22 08:52:51,"XHIBIT"
1903,11,26-MAY-22 08:52:51,"XHIBIT"
1904,11,26-MAY-22 08:52:51,"XHIBIT"
1905,11,26-MAY-22 08:52:51,"XHIBIT"
1906,11,26-MAY-22 08:52:51,"XHIBIT"
1907,11,26-MAY-22 08:52:51,"XHIBIT"
1908,11,26-MAY-22 08:52:51,"XHIBIT"
1909,11,26-MAY-22 08:52:51,"XHIBIT"
1910,11,26-MAY-22 08:52:51,"XHIBIT"
1911,11,26-MAY-22 08:52:51,"XHIBIT"
1912,11,26-MAY-22 08:52:51,"XHIBIT"
1913,11,26-MAY-22 08:52:51,"XHIBIT"
1914,11,26-MAY-22 08:52:51,"XHIBIT"
1915,11,26-MAY-22 08:52:51,"XHIBIT"
1916,11,26-MAY-22 08:52:51,"XHIBIT"
1917,11,26-MAY-22 08:52:51,"XHIBIT"
1918,11,26-MAY-22 08:52:51,"XHIBIT"
1919,11,26-MAY-22 08:52:51,"XHIBIT"
1920,11,26-MAY-22 08:52:51,"XHIBIT"
1921,11,26-MAY-22 08:52:51,"XHIBIT"
1922,11,26-MAY-22 08:52:51,"XHIBIT"
1923,11,26-MAY-22 08:52:51,"XHIBIT"
2317,11,26-MAY-22 08:52:51,"XHIBIT"
