"SCHED_NAME","TRIGGER_NAME","TRIGGER_GROUP","REPEAT_COUNT","REPEAT_INTERVAL","TIMES_TRIGGERED"
"ClusteredScheduler","ragStatusTrigger_103","DEFAULT",0,0,1
"ClusteredScheduler","ragStatusTrigger_1607","DEFAULT",0,0,1
"ClusteredScheduler","ragStatusTrigger_584","DEFAULT",0,0,1
"ClusteredScheduler","ragStatusTrigger_2","DEFAULT",0,0,1
"ClusteredScheduler","ragStatusTrigger_1608","DEFAULT",0,0,1
"ClusteredScheduler","ragStatusTrigger_518","DEFAULT",0,0,1
"ClusteredScheduler","ragStatusTrigger_517","DEFAULT",0,0,1
"ClusteredScheduler","ragStatusTrigger_1","DEFAULT",0,0,1
"ClusteredScheduler","ragStatusTrigger_249","DEFAULT",0,0,1
"ClusteredScheduler","ragStatusTrigger_1606","DEFAULT",0,0,1
"ClusteredScheduler","ragStatusTrigger_1609","DEFAULT",0,0,1
